nis,name_nl,name_fr,year,declarations,avg_income_per_declaration,median_income_per_declaration,residents
1000,België,Belgique,2023,6846186,40126,30099.86,11763650
11001,Aartselaar,Aartselaar,2023,8641,49361,36933.09,14890
11002,Antwerpen,Anvers,2023,313807,35363,27469.02,544759
11004,Boechout,Boechout,2023,8113,49279,35111.88,13831
11005,Boom,Boom,2023,11211,37143,29824.01,19431
11007,Borsbeek,Borsbeek,2023,6476,39706,31688.09,11379
11008,Brasschaat,Brasschaat,2023,22698,48755,34064.955,38470
11009,Brecht,Brecht,2023,17783,45475,34939.8,30610
11013,Edegem,Edegem,2023,13179,49457,36296.35,23009
11016,Essen,Essen,2023,10954,42793,33399.725,19630
11018,Hemiksem,Hemiksem,2023,6937,43529,34314.02,12396
11021,Hove,Hove,2023,4751,57409,38387.22,8406
11022,Kalmthout,Kalmthout,2023,11307,47448,35406.38,19672
11023,Kapellen,Kapellen,2023,16116,51056,36369.585,27782
11024,Kontich,Kontich,2023,12591,49935,36139.05,21693
11025,Lint,Lint,2023,4864,50317,36520.78,8505
11029,Mortsel,Mortsel,2023,15639,44661,33368.96,26588
11030,Niel,Niel,2023,6276,41257,33645.365,10966
11035,Ranst,Ranst,2023,11494,47854,35866.655,19776
11037,Rumst,Rumst,2023,9041,47416,35817.56,15536
11038,Schelle,Schelle,2023,5054,45515,35642.51,8614
11039,Schilde,Schilde,2023,11728,54893,36479.42,20319
11040,Schoten,Schoten,2023,20509,46352,33570.08,34641
11044,Stabroek,Stabroek,2023,11197,45542,35757.62,18826
11050,Wijnegem,Wijnegem,2023,6243,43744,32961.84,10580
11052,Wommelgem,Wommelgem,2023,7755,43959,33600.65,13370
11053,Wuustwezel,Wuustwezel,2023,12732,42347,33010.68,21794
11054,Zandhoven,Zandhoven,2023,7939,45075,34512.88,13445
11055,Zoersel,Zoersel,2023,13314,48129,35268.7,22557
11056,Zwijndrecht,Zwijndrecht,2023,11313,42373,33371.09,19580
11057,Malle,Malle,2023,9666,42395,32673.2,16194
12002,Berlaar,Berlaar,2023,7229,42050,32246.85,12061
12005,Bonheiden,Bonheiden,2023,8897,54762,37528.48,15454
12007,Bornem,Bornem,2023,13362,46548,35158.99,22076
12009,Duffel,Duffel,2023,10779,44512,32940.42,18062
12014,Heist-op-den-Berg,Heist-op-den-Berg,2023,26723,42398,32754.04,44505
12021,Lier,Lierre,2023,23428,41716,31632.485,38210
12025,Mechelen,Malines,2023,51772,42590,31926.69,89313
12026,Nijlen,Nijlen,2023,13827,44718,33694.08,23707
12029,Putte,Putte,2023,11294,44177,33848.28,18914
12035,Sint-Katelijne-Waver,Sint-Katelijne-Waver,2023,12631,47038,34464.19,21792
12040,Willebroek,Willebroek,2023,15978,41229,31974.85,28248
12041,Puurs-Sint-Amands,Puurs-Sint-Amands,2023,15809,47093,35721.04,26957
13001,Arendonk,Arendonk,2023,7752,40347,33089.13,13391
13002,Baarle-Hertog,Baerle-Duc,2023,1634,36932,29507.45,3001
13003,Balen,Balen,2023,13812,41322,33230.355,23523
13004,Beerse,Beerse,2023,10841,44322,34775.06,18601
13006,Dessel,Dessel,2023,5798,40674,33116.255,9892
13008,Geel,Geel,2023,25439,41682,32637.96,42331
13010,Grobbendonk,Grobbendonk,2023,6860,45273,34980.255,11607
13011,Herentals,Herentals,2023,17970,40679,31764.13,28865
13012,Herenthout,Herenthout,2023,5749,41123,32109.62,9454
13013,Herselt,Herselt,2023,8959,42354,33222.59,14838
13014,Hoogstraten,Hoogstraten,2023,12715,41328,31818.3,22278
13016,Hulshout,Hulshout,2023,6420,41881,32989.575,10594
13017,Kasterlee,Kasterlee,2023,11539,45230,34415.37,19648
13019,Lille,Lille,2023,10000,43656,34342.05,17026
13021,Meerhout,Meerhout,2023,6169,42057,33532.03,10396
13023,Merksplas,Merksplas,2023,5231,41280,32046.78,8883
13025,Mol,Mol,2023,22797,41466,32746.46,38534
13029,Olen,Olen,2023,7625,43216,34500.93,12824
13031,Oud-Turnhout,Oud-Turnhout,2023,8334,45725,35157.135,14828
13035,Ravels,Ravels,2023,8686,40011,32511.75,15514
13036,Retie,Retie,2023,6772,42768,33731.405,11867
13037,Rijkevorsel,Rijkevorsel,2023,7233,40342,32197.85,12561
13040,Turnhout,Turnhout,2023,28017,36505,29437.84,47305
13044,Vorselaar,Vorselaar,2023,4757,42709,33501.11,8034
13046,Vosselaar,Vosselaar,2023,6674,48020,36548.9,11801
13049,Westerlo,Westerlo,2023,15354,42593,33824.615,25625
13053,Laakdal,Laakdal,2023,10038,42288,34302.825,16753
21001,Anderlecht,Anderlecht,2023,65124,28149,22874.045,126581
21002,Oudergem,Auderghem,2023,19039,45001,30113.48,35350
21003,Sint-Agatha-Berchem,Berchem-Sainte-Agathe,2023,13913,34938,25986.0,25787
21004,Brussel,Bruxelles,2023,102139,32149,23315.13,196828
21005,Etterbeek,Etterbeek,2023,26741,36580,25798.45,49775
21006,Evere,Evere,2023,23145,33782,26002.21,45234
21007,Vorst,Forest,2023,32630,34032,24765.57,58044
21008,Ganshoren,Ganshoren,2023,14222,33126,25311.685,25564
21009,Elsene,Ixelles,2023,50930,38349,24944.82,89278
21010,Jette,Jette,2023,29535,33635,25677.56,54107
21011,Koekelberg,Koekelberg,2023,11533,30696,24136.49,22648
21012,Sint-Jans-Molenbeek,Molenbeek-Saint-Jean,2023,48042,27668,22703.74,98365
21013,Sint-Gillis,Saint-Gilles,2023,28973,30487,22387.94,49293
21014,Sint-Joost-ten-Node,Saint-Josse-ten-Noode,2023,13972,25000,20318.09,26895
21015,Schaarbeek,Schaerbeek,2023,67430,31419,23552.995,130405
21016,Ukkel,Uccle,2023,48245,47418,28386.35,86806
21017,Watermaal-Bosvoorde,Watermael-Boitsfort,2023,14479,43589,28289.46,25295
21018,Sint-Lambrechts-Woluwe,Woluwe-Saint-Lambert,2023,31621,42392,29089.9,60771
21019,Sint-Pieters-Woluwe,Woluwe-Saint-Pierre,2023,21241,52369,31645.13,42571
23002,Asse,Asse,2023,19946,43681,31881.67,35755
23003,Beersel,Beersel,2023,14591,48589,35288.82,26505
23009,Bever,Biévène,2023,1283,46299,34264.23,2276
23016,Dilbeek,Dilbeek,2023,25514,46723,34155.645,44878
23023,Galmaarden,Gammerages,2023,5173,46323,36724.62,8931
23024,Gooik,Gooik,2023,5617,47259,35549.8,9527
23025,Grimbergen,Grimbergen,2023,22286,47410,33934.585,39860
23027,Halle,Hal,2023,24955,41826,32282.48,42595
23032,Herne,Herne,2023,3956,47640,36481.88,6825
23033,Hoeilaart,Hoeilaart,2023,6258,53968,35146.99,11636
23038,Kampenhout,Kampenhout,2023,7244,50663,36650.71,12528
23039,Kapelle-op-den-Bos,Kapelle-op-den-Bos,2023,5804,47222,35005.935,9703
23044,Liedekerke,Liedekerke,2023,8004,41785,32558.935,14013
23045,Londerzeel,Londerzeel,2023,11412,47100,35062.37,19404
23047,Machelen,Machelen,2023,8997,37770,30392.41,16576
23050,Meise,Meise,2023,11488,51289,36407.33,20299
23052,Merchtem,Merchtem,2023,10526,46709,34434.605,18029
23060,Opwijk,Opwijk,2023,8469,46782,35804.47,14866
23062,Overijse,Overijse,2023,13936,56081,36242.965,25970
23064,Pepingen,Pepingen,2023,2610,53146,35972.315,4592
23077,Sint-Pieters-Leeuw,Sint-Pieters-Leeuw,2023,20303,40407,31087.39,36525
23081,Steenokkerzeel,Steenokkerzeel,2023,7132,49661,35691.655,12663
23086,Ternat,Ternat,2023,9486,46994,35465.315,16578
23088,Vilvoorde,Vilvorde,2023,25593,39844,30835.98,47445
23094,Zaventem,Zaventem,2023,19502,44151,31748.595,36676
23096,Zemst,Zemst,2023,13263,53824,39576.98,23401
23097,Roosdaal,Roosdaal,2023,6834,48278,36151.965,11958
23098,Drogenbos,Drogenbos,2023,3407,36952,28592.81,5944
23099,Kraainem,Kraainem,2023,6717,58043,34941.24,13962
23100,Linkebeek,Linkebeek,2023,2658,51270,32282.37,4674
23101,Sint-Genesius-Rode,Rhode-Saint-Genèse,2023,10097,58470,35000.69,18693
23102,Wemmel,Wemmel,2023,10015,45214,31402.67,18179
23103,Wezembeek-Oppem,Wezembeek-Oppem,2023,7453,56364,35839.06,14742
23104,Lennik,Lennik,2023,5460,49023,36253.1,9471
23105,Affligem,Affligem,2023,7611,48895,37555.58,13651
24001,Aarschot,Aarschot,2023,19151,43285,33331.52,31138
24007,Begijnendijk,Begijnendijk,2023,6235,47068,35970.35,10615
24008,Bekkevoort,Bekkevoort,2023,4077,43621,32932.44,6771
24009,Bertem,Bertem,2023,5787,53511,37544.69,10242
24011,Bierbeek,Bierbeek,2023,5855,57401,40261.6,10534
24014,Boortmeerbeek,Boortmeerbeek,2023,7476,52845,38671.375,13348
24016,Boutersem,Boutersem,2023,4794,53203,39358.45,8634
24020,Diest,Diest,2023,15101,42895,33059.42,24971
24028,Geetbets,Geetbets,2023,3668,41127,32597.235,6261
24033,Haacht,Haacht,2023,8940,50223,37495.05,15516
24038,Herent,Herent,2023,13083,55300,38839.91,23007
24041,Hoegaarden,Hoegaarden,2023,4049,48405,37084.95,6873
24043,Holsbeek,Holsbeek,2023,5856,52729,38418.525,10207
24045,Huldenberg,Huldenberg,2023,5777,50741,35975.96,10083
24048,Keerbergen,Keerbergen,2023,7767,57744,38704.33,13298
24054,Kortenaken,Kortenaken,2023,4621,44659,34952.92,7949
24055,Kortenberg,Kortenberg,2023,11746,51478,35986.75,21165
24059,Landen,Landen,2023,9458,44418,34955.915,16390
24062,Leuven,Louvain,2023,60076,45757,32460.735,104009
24066,Lubbeek,Lubbeek,2023,8509,55193,39458.85,15124
24086,Oud-Heverlee,Oud-Heverlee,2023,6249,63490,42053.4,11474
24094,Rotselaar,Rotselaar,2023,10023,52662,38636.55,17672
24104,Tervuren,Tervuren,2023,11632,60711,36418.725,23077
24107,Tienen,Tirlemont,2023,21852,40766,31219.53,36581
24109,Tremelo,Tremelo,2023,9344,46799,34454.655,15417
24130,Zoutleeuw,Léau,2023,5315,42159,32637.82,8734
24133,Linter,Linter,2023,4334,44412,35658.23,7323
24134,Scherpenheuvel-Zichem,Montaigu-Zichem,2023,14572,42434,33460.455,24001
24135,Tielt-Winge,Tielt-Winge,2023,6815,45769,34563.83,11604
24137,Glabbeek,Glabbeek,2023,3165,48426,37616.86,5425
25005,Bevekom,Beauvechain,2023,4079,48641,34648.4,7233
25014,Eigenbrakel,Braine-l’Alleud,2023,23785,45856,32445.76,40461
25015,Kasteelbrakel,Braine-le-Château,2023,6223,45691,32298.05,10646
25018,Chaumont-Gistoux,Chaumont-Gistoux,2023,6758,53384,34477.355,11818
25023,Court-Saint-Etienne,Court-Saint-Etienne,2023,6213,45203,32133.63,10854
25031,Genepiën,Genappe,2023,9082,47717,33071.75,16068
25037,Graven,Grez-Doiceau,2023,8153,49344,33076.49,14064
25043,Incourt,Incourt,2023,3201,47228,33573.95,5662
25044,Itter,Ittre,2023,4183,46385,32151.91,7013
25048,Geldenaken,Jodoigne,2023,8720,42503,29901.13,14899
25050,Terhulpen,La Hulpe,2023,4281,49835,31986.23,7530
25068,Mont-Saint-Guibert,Mont-Saint-Guibert,2023,5024,46248,32884.475,8407
25072,Nijvel,Nivelles,2023,18066,42486,30703.08,29070
25084,Perwijs,Perwez,2023,5749,43940,32038.16,9704
25091,Rixensart,Rixensart,2023,13240,49739,32086.82,23096
25105,Tubeke,Tubize,2023,16257,36884,28893.54,28381
25107,Villers-la-Ville,Villers-la-Ville,2023,6243,47442,34668.54,11114
25110,Waterloo,Waterloo,2023,16999,53506,33267.18,30596
25112,Waver,Wavre,2023,21139,44226,30785.09,35558
25117,Chastre,Chastre,2023,4224,49578,35023.995,7728
25118,Hélécine,Hélécine,2023,2180,42460,32969.43,3848
25119,Lasne,Lasne,2023,7977,60722,34046.1,14198
25120,Orp-Jauche,Orp-Jauche,2023,5266,43537,32461.295,9094
25121,Ottignies-Louvain-la-Neuve,Ottignies-Louvain-la-Neuve,2023,18616,42050,28918.25,31648
25122,Ramillies,Ramillies,2023,3791,44786,33132.0,6700
25123,Rebecq,Rebecq,2023,6390,40714,30414.965,11133
25124,Walhain,Walhain,2023,4254,49971,34709.485,7607
31003,Beernem,Beernem,2023,9660,42696,33515.72,16259
31004,Blankenberge,Blankenberge,2023,13916,34838,27529.685,20559
31005,Brugge,Bruges,2023,75477,41006,31418.21,119869
31006,Damme,Damme,2023,6705,44888,33466.9,11207
31012,Jabbeke,Jabbeke,2023,8795,46127,35904.79,14832
31022,Oostkamp,Oostkamp,2023,14217,44352,34793.88,24275
31033,Torhout,Torhout,2023,12451,40724,32243.3,20965
31040,Zedelgem,Zedelgem,2023,13539,44897,35081.65,23460
31042,Zuienkerke,Zuienkerke,2023,1613,43724,34099.54,2676
31043,Knokke-Heist,Knokke-Heist,2023,21734,50460,30679.245,32514
32003,Diksmuide,Dixmude,2023,10358,37620,30120.35,17228
32006,Houthulst,Houthulst,2023,6099,37842,30594.06,10464
32010,Koekelare,Koekelare,2023,5244,38925,31631.065,8827
32011,Kortemark,Kortemark,2023,7424,39501,32253.51,12815
32030,Lo-Reninge,Lo-Reninge,2023,1864,38720,29634.26,3216
33011,Ieper,Ypres,2023,21485,38568,30246.56,35550
33016,Mesen,Messines,2023,616,32187,27285.48,1075
33021,Poperinge,Poperinge,2023,11917,36824,29779.77,19921
33029,Wervik,Wervik,2023,11167,37279,30024.08,19209
33037,Zonnebeke,Zonnebeke,2023,7414,39716,32299.08,12705
33039,Heuvelland,Heuvelland,2023,4731,36743,29714.5,7969
33040,Langemark-Poelkapelle,Langemark-Poelkapelle,2023,4671,40095,31427.67,8100
33041,Vleteren,Vleteren,2023,2076,37490,29582.905,3600
34002,Anzegem,Anzegem,2023,8836,43815,34691.845,15148
34003,Avelgem,Avelgem,2023,6189,39788,31715.88,10406
34009,Deerlijk,Deerlijk,2023,7318,42708,34419.945,12670
34013,Harelbeke,Harelbeke,2023,17457,40199,32802.85,29904
34022,Kortrijk,Courtrai,2023,47313,40450,30225.47,80032
34023,Kuurne,Kuurne,2023,8077,40164,31786.88,14145
34025,Lendelede,Lendelede,2023,3466,41154,33300.2,5881
34027,Menen,Menin,2023,20254,35871,28687.765,34417
34040,Waregem,Waregem,2023,23836,41523,32441.445,39997
34041,Wevelgem,Wevelgem,2023,18436,41579,33411.36,31884
34042,Zwevegem,Zwevegem,2023,14966,42762,33731.29,25785
34043,Spiere-Helkijn,Espierres-Helchin,2023,1210,38233,28863.085,2063
35002,Bredene,Bredene,2023,11260,39915,31821.615,18180
35005,Gistel,Gistel,2023,7282,40693,32403.04,12244
35006,Ichtegem,Ichtegem,2023,8515,39630,32283.54,14516
35011,Middelkerke,Middelkerke,2023,13399,37158,29098.2,19855
35013,Oostende,Ostende,2023,47357,35405,27869.61,72586
35014,Oudenburg,Oudenburg,2023,5916,40862,33048.68,9933
35029,De Haan,De Haan,2023,8364,42476,30975.615,12718
36006,Hooglede,Hooglede,2023,5907,42051,33452.0,10235
36007,Ingelmunster,Ingelmunster,2023,6829,39863,32331.68,11537
36008,Izegem,Izegem,2023,17465,39350,31183.41,29227
36010,Ledegem,Ledegem,2023,5675,40381,32302.01,9779
36011,Lichtervelde,Lichtervelde,2023,5429,41425,33807.71,9319
36012,Moorslede,Moorslede,2023,6620,39698,31805.95,11473
36015,Roeselare,Roulers,2023,39192,39253,30688.58,66262
36019,Staden,Staden,2023,6766,38987,31037.45,11677
37002,Dentergem,Dentergem,2023,5075,41310,32503.98,8722
37007,Meulebeke,Meulebeke,2023,6663,38757,31696.62,11123
37010,Oostrozebeke,Oostrozebeke,2023,4783,39467,31981.93,8064
37011,Pittem,Pittem,2023,4054,39993,32861.255,6946
37012,Ruiselede,Ruiselede,2023,3253,41515,33529.1,5484
37015,Tielt,Tielt,2023,12321,39848,31559.3,20627
37017,Wielsbeke,Wielsbeke,2023,5798,40991,32380.07,10138
37018,Wingene,Wingene,2023,8970,40854,32667.01,15161
37020,Ardooie,Ardooie,2023,5589,41128,31897.92,9355
38002,Alveringem,Alveringem,2023,2964,37443,29818.845,5023
38008,De Panne,La Panne,2023,7331,37993,28310.3,11021
38014,Koksijde,Koksijde,2023,14296,48663,32737.025,21546
38016,Nieuwpoort,Nieuport,2023,7735,37766,29048.31,11455
38025,Veurne,Furnes,2023,7839,37721,29551.38,12542
41002,Aalst,Alost,2023,54033,41138,31644.39,90995
41011,Denderleeuw,Denderleeuw,2023,12079,41298,32587.2,21056
41018,Geraardsbergen,Grammont,2023,21048,39835,31465.54,34999
41024,Haaltert,Haaltert,2023,11389,44686,34971.14,19402
41027,Herzele,Herzele,2023,11234,44471,35002.48,18928
41034,Lede,Lede,2023,11407,44770,34545.16,19310
41048,Ninove,Ninove,2023,24017,40728,31619.88,40363
41063,Sint-Lievens-Houtem,Sint-Lievens-Houtem,2023,6329,46122,35687.44,10687
41081,Zottegem,Zottegem,2023,17001,44417,34405.82,28085
41082,Erpe-Mere,Erpe-Mere,2023,12468,44943,34931.635,21013
42003,Berlare,Berlare,2023,9422,42217,32921.4,15486
42004,Buggenhout,Buggenhout,2023,8755,46313,35316.46,14957
42006,Dendermonde,Termonde,2023,28550,41514,32054.455,47185
42008,Hamme,Hamme,2023,15303,40320,31312.49,25554
42010,Laarne,Laarne,2023,7505,47176,35332.61,12532
42011,Lebbeke,Lebbeke,2023,11926,42944,33648.14,20059
42023,Waasmunster,Waasmunster,2023,6400,50389,35649.94,11296
42025,Wetteren,Wetteren,2023,16432,40716,31819.095,26960
42026,Wichelen,Wichelen,2023,7219,43646,35066.7,12032
42028,Zele,Zele,2023,12498,39756,31142.275,21501
43002,Assenede,Assenede,2023,8793,43158,34474.9,14650
43005,Eeklo,Eeklo,2023,13934,37230,29257.205,22401
43007,Kaprijke,Kaprijke,2023,3979,44151,34188.48,6660
43010,Maldegem,Maldegem,2023,15049,40194,32649.66,24744
43014,Sint-Laureins,Sint-Laureins,2023,4206,41966,33033.46,7016
43018,Zelzate,Zelzate,2023,7944,38189,31627.0,13704
44012,De Pinte,De Pinte,2023,6204,58485,42335.725,11091
44013,Destelbergen,Destelbergen,2023,11143,50612,36767.39,19110
44019,Evergem,Evergem,2023,21764,44305,35302.18,36860
44020,Gavere,Gavere,2023,7848,47885,36204.68,13311
44021,Gent,Gand,2023,166317,38974,29665.24,269597
44034,Lochristi,Lochristi,2023,13636,47718,35499.92,23028
44040,Melle,Melle,2023,6969,47810,37464.97,11981
44043,Merelbeke,Merelbeke,2023,14654,50709,37167.33,25229
44045,Moerbeke,Moerbeke,2023,3934,44805,34778.53,6758
44048,Nazareth,Nazareth,2023,7346,46545,35092.15,12305
44052,Oosterzele,Oosterzele,2023,8131,49538,37845.58,14062
44064,Sint-Martens-Latem,Sint-Martens-Latem,2023,4771,62091,37433.43,8208
44073,Wachtebeke,Wachtebeke,2023,4696,43147,34694.185,7897
44081,Zulte,Zulte,2023,9466,43019,33862.545,16095
44083,Deinze,Deinze,2023,27010,44886,33792.585,45471
44084,Aalter,Aalter,2023,17868,45182,34456.59,29787
44085,Lievegem,Lievegem,2023,16154,44092,34643.605,27225
45035,Oudenaarde,Audenarde,2023,19799,42543,32769.13,32702
45041,Ronse,Renaix,2023,15650,34366,27570.495,27356
45059,Brakel,Brakel,2023,9106,42902,34061.075,15073
45060,Kluisbergen,Kluisbergen,2023,4039,42952,33824.72,6888
45061,Wortegem-Petegem,Wortegem-Petegem,2023,3716,48682,36451.09,6552
45062,Horebeke,Horebeke,2023,1236,46237,34928.185,2012
45063,Lierde,Lierde,2023,4013,44827,36139.08,6874
45064,Maarkedal,Maarkedal,2023,3771,46653,34536.94,6323
45065,Zwalm,Zwalin,2023,4923,46945,35644.06,8340
45068,Kruisem,Kruisem,2023,9436,46130,35294.89,15961
46003,Beveren,Beveren,2023,29908,46379,34614.795,50838
46013,Kruibeke,Kruibeke,2023,9910,45139,33582.685,17072
46014,Lokeren,Lokeren,2023,25146,41450,32240.5,43554
46020,Sint-Gillis-Waas,Sint-Gillis-Waas,2023,11852,45277,34106.31,20144
46021,Sint-Niklaas,Sint-Niklaas,2023,46604,39318,30190.92,81863
46024,Stekene,Stekene,2023,11635,43895,33944.91,19589
46025,Temse,Tamise,2023,18048,43266,32565.815,31271
51004,Aat,Ath,2023,18662,38399,29253.49,30048
51008,Beloeil,Beloeil,2023,8486,36676,29016.515,14244
51009,Bernissart,Bernissart,2023,7127,35440,27957.86,11878
51012,Brugelette,Brugelette,2023,2173,38488,29900.5,3853
51014,Chièvres,Chièvres,2023,4092,39953,31257.7,7168
51017,Elzele,Ellezelles,2023,3519,41558,31252.34,5970
51019,Vloesberg,Flobecq,2023,2122,39105,29572.975,3434
51065,Frasnes-lez-Anvaing,Frasnes-lez-Anvaing,2023,7140,39978,31443.645,12134
51067,Edingen,Enghien,2023,8551,41129,30211.68,14509
51068,Opzullik,Silly,2023,4943,45684,33247.92,8475
51069,Lessen,Lessines,2023,11213,35911,28138.73,18735
52010,Chapelle-lez-Herlaimont,Chapelle-lez-Herlaimont,2023,9132,33282,26468.435,14839
52011,Charleroi,Charleroi,2023,116616,29303,24181.95,204322
52012,Châtelet,Châtelet,2023,20920,30265,25066.575,35595
52015,Courcelles,Courcelles,2023,18479,33436,26993.04,31337
52018,Farciennes,Farciennes,2023,6035,28918,24575.39,11394
52021,Fleurus,Fleurus,2023,13626,34468,27098.885,22915
52022,Fontaine-l’Evêque,Fontaine-l’Evêque,2023,10772,33485,26503.295,18122
52025,Gerpinnes,Gerpinnes,2023,7912,42791,32680.27,12863
52048,Montigny-le-Tilleul,Montigny-le-Tilleul,2023,6245,42370,32285.09,10141
52055,Pont-à-Celles,Pont-à-Celles,2023,10277,42170,32047.08,17650
52074,Aiseau-Presles,Aiseau-Presles,2023,6362,35068,27628.515,10978
52075,Les Bons Villers,Les Bons Villers,2023,5758,42981,31559.41,9586
53014,Boussu,Boussu,2023,12010,30268,24520.145,20283
53020,Dour,Dour,2023,10083,31971,25135.49,16567
53028,Frameries,Frameries,2023,13013,32700,26014.96,21671
53039,Hensies,Hensies,2023,4044,34043,27043.425,6816
53044,Jurbeke,Jurbise,2023,5751,48089,37017.32,10868
53046,Lens,Lens,2023,2594,40781,30851.19,4636
53053,Bergen,Mons,2023,55882,35156,26656.905,96358
53065,Quaregnon,Quaregnon,2023,11092,30288,24585.44,18959
53068,Quiévrain,Quiévrain,2023,4106,31088,24494.81,6865
53070,Saint-Ghislain,Saint-Ghislain,2023,14498,36007,28024.06,23743
53082,Colfontaine,Colfontaine,2023,11934,29561,24186.27,20745
53083,Honnelles,Honnelles,2023,3089,38972,30680.43,5176
53084,Quévy,Quévy,2023,4900,41042,31223.8,8168
55004,’s Gravenbrakel,Braine-le-Comte,2023,13689,39736,30297.26,23443
55035,Le Roeulx,Le Roeulx,2023,5164,40876,31264.185,8708
55040,Zinnik,Soignies,2023,16421,39376,29807.13,29032
55050,Ecaussinnes,Ecaussinnes,2023,6783,39493,30080.81,11572
55085,Seneffe,Seneffe,2023,6952,42257,30585.27,11624
55086,Manage,Manage,2023,13953,32993,26296.64,24108
56001,Anderlues,Anderlues,2023,7551,33323,27075.09,12809
56005,Beaumont,Beaumont,2023,4351,35317,27050.6,7140
56016,Chimay,Chimay,2023,5864,33160,25814.615,9691
56022,Erquelinnes,Erquelinnes,2023,5962,32959,26328.96,10039
56029,Froidchapelle,Froidchapelle,2023,2489,33776,26249.18,4084
56044,Lobbes,Lobbes,2023,3549,40782,31124.6,5949
56049,Merbes-le-Château,Merbes-le-Château,2023,2425,36128,28279.9,4171
56051,Momignies,Momignies,2023,3012,30904,24955.72,5234
56078,Thuin,Thuin,2023,9065,39190,30650.86,14871
56086,Ham-sur-Heure-Nalinnes,Ham-sur-Heure-Nalinnes,2023,8340,45662,34846.815,13825
56088,Sivry-Rance,Sivry-Rance,2023,2912,34983,27840.455,4871
57003,Antoing,Antoing,2023,4730,33291,27169.225,7623
57018,Celles,Celles,2023,3394,38002,30327.07,5722
57027,Estaimpuis,Estaimpuis,2023,6071,38918,28920.75,10748
57062,Pecq,Pecq,2023,3542,36846,28562.165,5966
57064,Péruwelz,Péruwelz,2023,10475,34235,26850.98,17318
57072,Rumes,Rumes,2023,3121,36366,29736.61,5351
57081,Doornik,Tournai,2023,42081,36095,27396.12,68554
57093,Brunehaut,Brunehaut,2023,4872,37575,28962.94,8099
57094,Leuze-en-Hainaut,Leuze-en-Hainaut,2023,8564,36664,28674.39,14201
57095,Mont-de-l’Enclus,Mont-de-l’Enclus,2023,2269,40923,31381.68,3879
57096,Moeskroen,Mouscron,2023,34109,32876,26487.53,59987
57097,Komen-Waasten,Comines-Warneton,2023,10760,31862,26749.88,18391
58001,La Louvière,La Louvière,2023,46906,32402,25645.23,81241
58002,Binche,Binche,2023,20522,34490,26783.975,33651
58003,Estinnes,Estinnes,2023,4681,38515,29374.7,7955
58004,Morlanwelz,Morlanwelz,2023,11761,33420,26427.96,19172
61003,Amay,Amay,2023,8654,37053,28990.825,14531
61010,Burdinne,Burdinne,2023,1851,48728,35978.25,3295
61012,Clavier,Clavier,2023,2843,42503,31769.88,4946
61019,Ferrières,Ferrières,2023,3039,40771,31467.11,5122
61024,Hamoir,Hamoir,2023,2366,36613,28205.305,3780
61028,Héron,Héron,2023,3054,47339,36670.74,5598
61031,Hoei,Huy,2023,13674,34221,26249.18,21706
61039,Marchin,Marchin,2023,3293,42314,32095.74,5612
61041,Modave,Modave,2023,2495,42830,33618.25,4207
61043,Nandrin,Nandrin,2023,3426,48849,35844.49,5745
61048,Ouffet,Ouffet,2023,1645,40814,32103.94,2788
61063,Verlaine,Verlaine,2023,2500,47519,35996.32,4361
61068,Villers-Le-Bouillet,Villers-Le-Bouillet,2023,3991,42924,31774.07,6836
61072,Wanze,Wanze,2023,8424,41091,30756.435,14010
61079,Anthisnes,Anthisnes,2023,2498,43299,32846.47,4220
61080,Engis,Engis,2023,3775,33923,27934.25,6296
61081,Tinlot,Tinlot,2023,1683,44417,32569.79,2777
62003,Ans,Ans,2023,16994,34517,27900.47,28989
62006,Awans,Awans,2023,5655,41014,31761.8,9344
62009,Aywaille,Aywaille,2023,7915,37931,28522.11,12880
62011,Bitsingen,Bassenge,2023,5463,38330,30165.72,9028
62015,Beyne-Heusay,Beyne-Heusay,2023,7090,35098,27613.38,12018
62022,Chaudfontaine,Chaudfontaine,2023,12607,47652,33559.39,20600
62026,Comblain-au-Pont,Comblain-au-Pont,2023,3214,34684,26962.31,5319
62027,Dalhem,Dalhem,2023,4588,43503,33551.555,7712
62032,Esneux,Esneux,2023,7935,44146,33130.95,12827
62038,Fléron,Fléron,2023,10027,35881,28434.64,16380
62051,Herstal,Herstal,2023,23471,31698,26064.86,40814
62060,Juprelle,Juprelle,2023,5722,42358,33515.735,9733
62063,Luik,Liège,2023,116870,31831,24385.085,195778
62079,Oupeye,Oupeye,2023,15404,36455,28959.52,25743
62093,Saint-Nicolas,Saint-Nicolas,2023,13826,30533,25684.18,24491
62096,Seraing,Seraing,2023,37237,30602,24937.08,64266
62099,Soumagne,Soumagne,2023,10419,38698,30092.09,17351
62100,Sprimont,Sprimont,2023,9152,44402,32325.975,15141
62108,Wezet,Visé,2023,10710,37133,29079.64,18154
62118,Grâce-Hollogne,Grâce-Hollogne,2023,13227,33456,27417.91,23261
62119,Blegny,Blegny,2023,8126,40849,31950.08,13482
62120,Flémalle,Flémalle,2023,16048,34578,27901.795,27002
62121,Neupré,Neupré,2023,5977,50073,37495.29,10010
62122,Trooz,Trooz,2023,4755,39679,30672.85,8058
63001,Amel,Amblève,2023,3246,38580,31874.6,5612
63003,Aubel,Aubel,2023,2603,39243,29753.78,4252
63004,Baelen,Baelen,2023,2703,38647,30830.21,4487
63012,Büllingen,Bullange,2023,3251,37550,30516.36,5544
63013,Bütgenbach,Butgenbach,2023,3395,36468,30320.16,5652
63020,Dison,Dison,2023,7885,30029,24219.21,15260
63023,Eupen,Eupen,2023,11544,38550,29030.37,20093
63035,Herve,Herve,2023,10450,40873,31280.055,17850
63038,Jalhay,Jalhay,2023,5290,43834,34225.065,8777
63040,Kelmis,La Calamine,2023,6173,37821,28597.66,11352
63045,Lierneux,Lierneux,2023,2148,37606,29504.45,3644
63046,Limburg,Limbourg,2023,3441,36861,29090.03,5654
63048,Lontzen,Lontzen,2023,3388,39898,32158.275,6058
63049,Malmedy,Malmedy,2023,8037,36074,28822.65,12950
63057,Olne,Olne,2023,2435,44948,35613.6,4142
63058,Pepinster,Pepinster,2023,5534,35674,28096.955,9274
63061,Raeren,Raeren,2023,5966,45784,32304.31,11136
63067,Sankt Vith,Saint-Vith,2023,5891,40464,32038.91,10071
63072,Spa,Spa,2023,6364,34252,26802.005,9812
63073,Stavelot,Stavelot,2023,4355,37359,29769.63,7271
63075,Stoumont,Stoumont,2023,1869,42191,32182.2,3150
63076,Theux,Theux,2023,7391,40863,31607.62,12052
63079,Verviers,Verviers,2023,31264,31861,24988.835,55770
63080,Weismes,Waimes,2023,4496,36397,29678.29,7563
63084,Welkenraedt,Welkenraedt,2023,6193,37962,29737.94,10464
63086,Trois-Ponts,Trois-Ponts,2023,1560,36066,28682.26,2547
63087,Burg-Reuland,Burg-Reuland,2023,2232,40353,33647.48,3961
63088,Plombières,Plombières,2023,6199,36651,29113.46,10771
63089,Thimister-Clermont,Thimister-Clermont,2023,3263,42951,33451.06,5587
64008,Berloz,Berloz,2023,1878,44907,34737.29,3344
64015,Braives,Braives,2023,3771,43550,33393.75,6554
64021,Crisnée,Crisnée,2023,2207,42769,32635.44,3539
64023,Donceel,Donceel,2023,1854,46124,35272.28,3119
64025,Fexhe-le-Haut-Clocher,Fexhe-le-Haut-Clocher,2023,1990,44050,34577.365,3426
64029,Geer,Geer,2023,2043,46441,34676.72,3558
64034,Hannuit,Hannut,2023,10280,42200,31687.96,17134
64047,Lijsem,Lincent,2023,1988,42400,32016.9,3375
64056,Oerle,Oreye,2023,2412,41252,31023.0,4028
64063,Remicourt,Remicourt,2023,3584,43910,33598.075,6009
64065,Saint-Georges-sur-Meuse,Saint-Georges-sur-Meuse,2023,4333,37956,30126.39,7230
64074,Borgworm,Waremme,2023,9742,38429,29442.745,15489
64075,Wasseiges,Wasseiges,2023,1825,41153,30937.6,3138
64076,Faimes,Faimes,2023,2428,46450,34506.285,4128
71002,As,As,2023,4873,41635,33320.38,8259
71004,Beringen,Beringen,2023,27237,39689,32736.65,48353
71011,Diepenbeek,Diepenbeek,2023,11734,42663,33536.0,19607
71016,Genk,Genk,2023,40005,36386,29216.64,67877
71017,Gingelom,Gingelom,2023,5108,45972,33625.57,8732
71020,Halen,Halen,2023,5734,42846,32992.91,9545
71022,Hasselt,Hasselt,2023,50251,42339,32353.33,80828
71024,Herk-de-Stad,Herck-la-Ville,2023,7699,43577,33398.32,12841
71034,Leopoldsburg,Bourg-Léopold,2023,9916,37774,31661.31,16607
71037,Lummen,Lummen,2023,8997,44436,34897.62,15320
71045,Nieuwerkerken,Nieuwerkerken,2023,4353,40969,32922.83,7295
71053,Sint-Truiden,Saint-Trond,2023,25679,38916,30078.53,41469
71057,Tessenderlo,Tessenderlo,2023,11336,43189,34381.885,19011
71066,Zonhoven,Zonhoven,2023,12886,42752,34108.935,21845
71067,Zutendaal,Zutendaal,2023,4527,41410,33474.26,7384
71069,Ham,Ham,2023,6711,41872,34381.05,11338
71070,Heusden-Zolder,Heusden-Zolder,2023,19872,39557,32150.815,35017
72003,Bocholt,Bocholt,2023,8021,38222,32281.39,13753
72004,Bree,Bree,2023,10220,38474,31678.46,16967
72018,Kinrooi,Kinrooi,2023,7149,38872,32159.81,12406
72020,Lommel,Lommel,2023,20822,39388,32276.24,34913
72021,Maaseik,Maaseik,2023,15286,39161,31439.135,25823
72030,Peer,Peer,2023,9585,40313,33545.8,16585
72037,Hamont-Achel,Hamont-Achel,2023,8355,37759,31304.78,14507
72038,Hechtel-Eksel,Hechtel-Eksel,2023,7355,40542,34234.13,12965
72039,Houthalen-Helchteren,Houthalen-Helchteren,2023,17742,37845,31816.68,30896
72041,Dilsen-Stokkem,Dilsen-Stokkem,2023,12450,37915,31541.7,21346
72042,Oudsbergen,Oudsbergen,2023,13944,41006,33607.915,23875
72043,Pelt,Pelt,2023,19865,40081,33310.02,34433
73001,Alken,Alken,2023,7131,43365,33837.64,11918
73006,Bilzen,Bilzen,2023,19589,40600,32427.6,32782
73009,Borgloon,Looz,2023,7045,39798,31933.36,11580
73022,Heers,Heers,2023,4517,40335,32671.57,7593
73028,Herstappe,Herstappe,2023,41,45110,38614.81,76
73032,Hoeselt,Hoeselt,2023,6078,40589,32744.985,10080
73040,Kortessem,Kortessem,2023,5162,42984,34657.755,8757
73042,Lanaken,Lanaken,2023,15575,40458,31408.17,26366
73066,Riemst,Riemst,2023,9867,40738,32670.06,16896
73083,Tongeren,Tongres,2023,19654,38661,30399.595,32138
73098,Wellen,Wellen,2023,4520,42382,34352.36,7490
73107,Maasmechelen,Maasmechelen,2023,23397,34829,28975.39,40219
73109,Voeren,Fourons,2023,2612,39590,31106.83,4406
81001,Aarlen,Arlon,2023,16936,48638,36099.945,31310
81003,Attert,Attert,2023,2908,63679,43873.595,5797
81004,Aubange,Aubange,2023,9075,40774,33122.82,17845
81013,Martelange,Martelange,2023,1045,43304,34438.59,2064
81015,Messancy,Messancy,2023,4452,53960,39792.735,8549
82003,Bastenaken,Bastogne,2023,9603,37968,30145.16,16921
82005,Bertogne,Bertogne,2023,1999,40779,33116.89,3767
82009,Fauvillers,Fauvillers,2023,1274,44555,34647.455,2453
82014,Houffalize,Houffalize,2023,3087,36897,29412.29,5307
82032,Vielsalm,Vielsalm,2023,4869,34151,27711.75,7940
82036,Vaux-sur-Sûre,Vaux-sur-Sûre,2023,3379,41317,32243.98,6269
82037,Gouvy,Gouvy,2023,3102,36151,29499.67,5474
82038,Sainte-Ode,Sainte-Ode,2023,1516,36186,28585.155,2720
83012,Durbuy,Durbuy,2023,7124,34889,27258.28,11506
83013,Erezée,Erezée,2023,2047,36647,28581.07,3345
83028,Hotton,Hotton,2023,3470,34391,27802.59,5706
83031,La Roche-en-Ardenne,La Roche-en-Ardenne,2023,2611,33802,27509.85,4100
83034,Marche-en-Famenne,Marche-en-Famenne,2023,10956,36342,28777.03,17972
83040,Nassogne,Nassogne,2023,3314,38010,30079.975,5735
83044,Rendeux,Rendeux,2023,1583,35955,29903.75,2707
83049,Tenneville,Tenneville,2023,1648,39104,32243.02,2881
83055,Manhay,Manhay,2023,2163,39434,30742.42,3715
84009,Bertrix,Bertrix,2023,5428,34898,27711.75,9017
84010,Bouillon,Bouillon,2023,3409,32323,25548.8,5377
84016,Daverdisse,Daverdisse,2023,814,34555,28015.435,1426
84029,Herbeumont,Herbeumont,2023,997,37369,29984.62,1750
84033,Léglise,Léglise,2023,2981,45890,34983.06,5839
84035,Libin,Libin,2023,3116,38697,31106.79,5351
84043,Neufchâteau,Neufchâteau,2023,4562,40332,31001.375,8260
84050,Paliseul,Paliseul,2023,3227,35944,28175.29,5530
84059,Saint-Hubert,Saint-Hubert,2023,3302,36641,29403.79,5693
84068,Tellin,Tellin,2023,1505,37730,28985.48,2539
84075,Wellin,Wellin,2023,1983,34920,27848.32,3147
84077,Libramont-Chevigny,Libramont-Chevigny,2023,6966,39525,29821.205,11972
85007,Chiny,Chiny,2023,3027,38130,30515.45,5308
85009,Etalle,Etalle,2023,3313,48712,36445.24,6024
85011,Florenville,Florenville,2023,3550,34623,27417.995,5787
85024,Meix-devant-Virton,Meix-devant-Virton,2023,1570,40005,31530.06,2819
85026,Musson,Musson,2023,2512,43829,35492.06,4668
85034,Saint-Léger,Saint-Léger,2023,1963,48373,35815.84,3716
85039,Tintigny,Tintigny,2023,2541,42931,33018.44,4605
85045,Virton,Virton,2023,6589,38239,29806.64,11368
85046,Habay,Habay,2023,4664,47952,35108.565,8723
85047,Rouvroy,Rouvroy,2023,1253,36525,29406.7,2144
91005,Anhée,Anhée,2023,4290,38030,29858.925,7135
91013,Beauraing,Beauraing,2023,5683,34497,27849.74,9490
91015,Bièvre,Bièvre,2023,2035,34424,27873.75,3476
91030,Ciney,Ciney,2023,10535,36455,28774.99,17183
91034,Dinant,Dinant,2023,8353,32797,25255.17,13328
91054,Gedinne,Gedinne,2023,2804,34383,27738.435,4681
91059,Hamois,Hamois,2023,4157,42786,33492.22,7469
91064,Havelange,Havelange,2023,3163,37517,29498.39,5428
91072,Houyet,Houyet,2023,3111,35844,28357.42,5183
91103,Onhaye,Onhaye,2023,1916,37898,30249.4,3231
91114,Rochefort,Rochefort,2023,7737,34837,27801.88,12716
91120,Somme-Leuze,Somme-Leuze,2023,3570,38112,30186.965,6099
91141,Yvoir,Yvoir,2023,5408,41577,31415.655,9136
91142,Hastière,Hastière,2023,3911,30731,24436.79,6148
91143,Vresse-sur-Semois,Vresse-sur-Semois,2023,1604,31692,25260.04,2470
92003,Andenne,Andenne,2023,17016,36328,28405.19,28187
92006,Assesse,Assesse,2023,4160,45022,34199.03,7325
92035,Eghezée,Eghezée,2023,9696,44569,33154.1,16866
92045,Floreffe,Floreffe,2023,4749,42982,33593.16,8082
92048,Fosses-la-Ville,Fosses-la-Ville,2023,6166,38808,30126.375,10418
92054,Gesves,Gesves,2023,4373,44174,32222.1,7481
92087,Mettet,Mettet,2023,7944,40116,30902.17,13529
92094,Namen,Namur,2023,68645,37749,28116.97,114142
92097,Ohey,Ohey,2023,3067,40020,31236.07,5226
92101,Profondeville,Profondeville,2023,7403,42729,32029.2,12318
92114,Sombreffe,Sombreffe,2023,4763,43611,32842.08,8388
92137,Sambreville,Sambreville,2023,17135,34696,27457.17,28615
92138,Fernelmont,Fernelmont,2023,4703,45579,34741.09,8210
92140,Jemeppe-sur-Sambre,Jemeppe-sur-Sambre,2023,11355,38312,29814.82,19225
92141,La Bruyère,La Bruyère,2023,5204,49657,37109.46,9351
92142,Gembloux,Gembloux,2023,15492,43891,32272.88,26496
93010,Cerfontaine,Cerfontaine,2023,3045,36481,28588.89,4991
93014,Couvin,Couvin,2023,8533,32004,25653.05,13907
93018,Doische,Doische,2023,1852,33097,27053.175,2952
93022,Florennes,Florennes,2023,6755,36494,29063.94,11378
93056,Philippeville,Philippeville,2023,5786,34479,28172.975,9521
93088,Walcourt,Walcourt,2023,11061,39666,31328.6,18465
93090,Viroinval,Viroinval,2023,3624,31313,25116.275,5649
